activity_id,day_of_week,open_time,close_time,break_hour_start,break_hour_end,is_open_24h,is_closed
1,monday,09:00,23:30,,,False,False
1,tuesday,09:00,23:30,,,False,False
1,wednesday,09:00,23:30,,,False,False
1,thursday,09:00,23:30,,,False,False
1,friday,09:00,23:30,,,False,False
1,saturday,09:00,23:30,,,False,False
1,sunday,09:00,23:30,,,False,False
2,monday,09:00,00:00,,,False,False
2,tuesday,09:00,00:00,,,False,False
2,wednesday,09:00,00:00,,,False,False
2,thursday,09:00,00:00,,,False,False
2,friday,09:00,01:00,,,False,False
2,saturday,09:00,01:00,,,False,False
2,sunday,12:00,00:00,,,False,False
3,monday,09:00,20:00,,,False,False
3,tuesday,09:00,20:00,,,False,False
3,wednesday,09:00,20:00,,,False,False
3,thursday,09:00,20:00,,,False,False
3,friday,09:00,20:00,,,False,False
3,saturday,09:00,14:00,,,False,False
3,sunday,09:00,14:00,,,False,False
4,monday,07:00,20:00,,,False,False
4,tuesday,07:00,20:00,,,False,False
4,wednesday,07:00,20:00,,,False,False
4,thursday,07:00,20:00,,,False,False
4,friday,07:00,20:00,,,False,False
4,saturday,07:00,20:00,,,False,False
4,sunday,07:00,20:00,,,False,False
5,monday,00:00,23:59,,,True,False
5,tuesday,00:00,23:59,,,True,False
5,wednesday,00:00,23:59,,,True,False
5,thursday,00:00,23:59,,,True,False
5,friday,00:00,23:59,,,True,False
5,saturday,00:00,23:59,,,True,False
5,sunday,,,,,False,True
6,monday,09:00,21:00,,,False,False
6,tuesday,09:00,21:00,,,False,False
6,wednesday,09:00,21:00,,,False,False
6,thursday,09:00,21:00,,,False,False
6,friday,09:00,22:00,,,False,False
6,saturday,09:00,22:00,,,False,False
6,sunday,09:00,22:00,,,False,False
7,monday,09:00,00:00,,,False,False
7,tuesday,09:00,00:00,,,False,False
7,wednesday,09:00,00:00,,,False,False
7,thursday,09:00,00:00,,,False,False
7,friday,09:00,00:00,,,False,False
7,saturday,16:00,00:00,,,False,False
7,sunday,,,,,False,True
8,monday,06:00,17:00,,,False,False
8,tuesday,06:00,17:00,,,False,False
8,wednesday,06:00,17:00,,,False,False
8,thursday,06:00,17:00,,,False,False
8,friday,06:00,17:00,,,False,False
8,saturday,06:00,17:00,,,False,False
8,sunday,,,,,False,True
9,monday,09:00,00:00,,,False,False
9,tuesday,09:00,00:00,,,False,False
9,wednesday,09:00,00:00,,,False,False
9,thursday,09:00,00:00,,,False,False
9,friday,09:00,01:00,,,False,False
9,saturday,12:00,01:00,,,False,False
9,sunday,,,,,False,True
10,monday,09:00,00:00,,,False,False
10,tuesday,09:00,00:00,,,False,False
10,wednesday,09:00,00:00,,,False,False
10,thursday,09:00,00:00,,,False,False
10,friday,09:00,01:00,,,False,False
10,saturday,09:00,01:00,,,False,False
10,sunday,09:00,00:00,,,False,False
11,monday,08:00,00:00,,,False,False
11,tuesday,08:00,00:00,,,False,False
11,wednesday,08:00,00:00,,,False,False
11,thursday,08:00,00:00,,,False,False
11,friday,08:00,01:00,,,False,False
11,saturday,09:00,01:00,,,False,False
11,sunday,09:00,00:00,,,False,False
12,monday,,,,,False,True
12,tuesday,10:00,18:00,,,False,False
12,wednesday,10:00,18:00,,,False,False
12,thursday,10:00,18:00,,,False,False
12,friday,10:00,18:00,,,False,False
12,saturday,10:00,18:00,,,False,False
12,sunday,10:00,18:00,,,False,False
13,monday,09:00,00:00,,,False,False
13,tuesday,09:00,00:00,,,False,False
13,wednesday,09:00,00:00,,,False,False
13,thursday,09:00,00:00,,,False,False
13,friday,09:00,01:00,,,False,False
13,saturday,09:00,01:00,,,False,False
13,sunday,09:00,00:00,,,False,False
14,monday,09:00,00:00,,,False,False
14,tuesday,09:00,00:00,,,False,False
14,wednesday,09:00,00:00,,,False,False
14,thursday,09:00,00:00,,,False,False
14,friday,09:00,00:00,,,False,False
14,saturday,09:00,00:00,,,False,False
14,sunday,10:00,00:00,,,False,False
15,monday,12:00,00:00,,,False,False
15,tuesday,12:00,00:00,,,False,False
15,wednesday,12:00,00:00,,,False,False
15,thursday,12:00,00:00,,,False,False
15,friday,12:00,01:00,,,False,False
15,saturday,12:00,01:00,,,False,False
15,sunday,12:00,00:00,,,False,False
16,monday,10:00,00:00,,,False,False
16,tuesday,10:00,00:00,,,False,False
16,wednesday,10:00,00:00,,,False,False
16,thursday,10:00,00:00,,,False,False
16,friday,10:00,01:00,,,False,False
16,saturday,10:00,01:00,,,False,False
16,sunday,,,,,False,True
17,monday,10:00,23:00,,,False,False
17,tuesday,10:00,23:00,,,False,False
17,wednesday,10:00,23:00,,,False,False
17,thursday,10:00,23:00,,,False,False
17,friday,10:00,23:00,,,False,False
17,saturday,10:00,23:00,,,False,False
17,sunday,,,,,False,True
18,monday,08:00,23:00,,,False,False
18,tuesday,08:00,23:00,,,False,False
18,wednesday,08:00,23:00,,,False,False
18,thursday,08:00,23:00,,,False,False
18,friday,08:00,00:00,,,False,False
18,saturday,,,,,False,True
18,sunday,,,,,False,True
19,monday,09:00,00:00,,,False,False
19,tuesday,09:00,00:00,,,False,False
19,wednesday,09:00,00:00,,,False,False
19,thursday,09:00,00:00,,,False,False
19,friday,09:00,01:00,,,False,False
19,saturday,09:00,01:00,,,False,False
19,sunday,10:00,00:00,,,False,False
20,monday,10:00,00:00,,,False,False
20,tuesday,10:00,00:00,,,False,False
20,wednesday,10:00,00:00,,,False,False
20,thursday,10:00,00:00,,,False,False
20,friday,10:00,01:00,,,False,False
20,saturday,10:00,01:00,,,False,False
20,sunday,10:00,01:00,,,False,False
21,monday,07:30,18:00,,,False,False
21,tuesday,07:30,18:00,,,False,False
21,wednesday,07:30,18:00,,,False,False
21,thursday,07:30,18:00,,,False,False
21,friday,07:30,18:00,,,False,False
21,saturday,08:30,16:00,,,False,False
21,sunday,,,,,False,True
22,monday,08:00,00:00,,,False,False
22,tuesday,08:00,00:00,,,False,False
22,wednesday,08:00,00:00,,,False,False
22,thursday,08:00,00:00,,,False,False
22,friday,08:00,01:00,,,False,False
22,saturday,09:00,01:00,,,False,False
22,sunday,09:00,00:00,,,False,False
23,monday,08:00,00:00,,,False,False
23,tuesday,08:00,00:00,,,False,False
23,wednesday,08:00,00:00,,,False,False
23,thursday,08:00,00:00,,,False,False
23,friday,08:00,01:00,,,False,False
23,saturday,08:00,01:00,,,False,False
23,sunday,08:00,00:00,,,False,False
24,monday,10:30,00:00,,,False,False
24,tuesday,10:30,00:00,,,False,False
24,wednesday,10:30,00:00,,,False,False
24,thursday,10:30,00:00,,,False,False
24,friday,10:30,01:00,,,False,False
24,saturday,10:30,01:00,,,False,False
24,sunday,10:30,23:00,,,False,False
25,monday,09:00,01:00,,,False,False
25,tuesday,09:00,01:00,,,False,False
25,wednesday,09:00,01:00,,,False,False
25,thursday,09:00,01:00,,,False,False
25,friday,09:00,01:00,,,False,False
25,saturday,09:00,01:00,,,False,False
25,sunday,09:00,01:00,,,False,False
26,monday,08:00,00:00,,,False,False
26,tuesday,08:00,00:00,,,False,False
26,wednesday,08:00,00:00,,,False,False
26,thursday,08:00,00:00,,,False,False
26,friday,08:00,01:00,,,False,False
26,saturday,08:00,01:00,,,False,False
26,sunday,08:00,00:00,,,False,False
27,monday,00:00,23:59,,,True,False
27,tuesday,00:00,23:59,,,True,False
27,wednesday,00:00,23:59,,,True,False
27,thursday,00:00,23:59,,,True,False
27,friday,00:00,23:59,,,True,False
27,saturday,00:00,23:59,,,True,False
27,sunday,00:00,23:59,,,True,False
28,monday,08:00,00:00,,,False,False
28,tuesday,08:00,00:00,,,False,False
28,wednesday,08:00,00:00,,,False,False
28,thursday,08:00,00:00,,,False,False
28,friday,08:00,01:00,,,False,False
28,saturday,08:00,01:00,,,False,False
28,sunday,08:00,00:00,,,False,False
29,monday,09:00,17:00,,,False,False
29,tuesday,09:00,17:00,,,False,False
29,wednesday,09:00,17:00,,,False,False
29,thursday,09:00,17:00,,,False,False
29,friday,09:00,17:00,,,False,False
29,saturday,,,,,False,True
29,sunday,,,,,False,True
30,monday,08:00,00:00,,,False,False
30,tuesday,08:00,00:00,,,False,False
30,wednesday,08:00,00:00,,,False,False
30,thursday,08:00,00:00,,,False,False
30,friday,08:00,01:00,,,False,False
30,saturday,08:30,01:00,,,False,False
30,sunday,09:00,00:00,,,False,False
31,monday,12:00,00:00,,,False,False
31,tuesday,12:00,00:00,,,False,False
31,wednesday,12:00,00:00,,,False,False
31,thursday,12:00,00:00,,,False,False
31,friday,12:00,00:00,,,False,False
31,saturday,12:00,00:00,,,False,False
31,sunday,,,,,False,True
32,monday,08:00,00:00,,,False,False
32,tuesday,08:00,00:00,,,False,False
32,wednesday,08:00,00:00,,,False,False
32,thursday,08:00,00:00,,,False,False
32,friday,08:00,01:00,,,False,False
32,saturday,08:00,01:00,,,False,False
32,sunday,08:00,00:00,,,False,False
33,monday,08:00,00:00,,,False,False
33,tuesday,08:00,00:00,,,False,False
33,wednesday,08:00,00:00,,,False,False
33,thursday,08:00,00:00,,,False,False
33,friday,09:00,01:00,,,False,False
33,saturday,09:00,01:00,,,False,False
33,sunday,,,,,False,True
34,monday,07:30,00:00,,,False,False
34,tuesday,07:30,00:00,,,False,False
34,wednesday,07:30,00:00,,,False,False
34,thursday,07:30,00:00,,,False,False
34,friday,07:30,01:00,,,False,False
34,saturday,08:00,01:00,,,False,False
34,sunday,08:00,00:00,,,False,False
35,monday,08:00,00:00,,,False,False
35,tuesday,08:00,00:00,,,False,False
35,wednesday,08:00,00:00,,,False,False
35,thursday,08:00,00:00,,,False,False
35,friday,08:00,00:00,,,False,False
35,saturday,09:00,01:00,,,False,False
35,sunday,11:00,20:00,,,False,False
36,monday,,,,,False,True
36,tuesday,10:00,18:00,,,False,False
36,wednesday,10:00,18:00,,,False,False
36,thursday,10:00,18:00,,,False,False
36,friday,10:00,18:00,,,False,False
36,saturday,10:00,18:00,,,False,False
36,sunday,10:00,18:00,,,False,False
37,monday,,,,,False,True
37,tuesday,10:00,17:00,,,False,False
37,wednesday,10:00,17:00,,,False,False
37,thursday,10:00,17:00,,,False,False
37,friday,10:00,17:00,,,False,False
37,saturday,10:00,17:00,,,False,False
37,sunday,09:00,13:00,,,False,False
38,monday,,,,,False,True
38,tuesday,09:00,17:00,,,False,False
38,wednesday,09:00,17:00,,,False,False
38,thursday,09:00,17:00,,,False,False
38,friday,09:00,17:00,,,False,False
38,saturday,09:00,17:00,,,False,False
38,sunday,09:00,13:00,,,False,False
39,monday,,,,,False,True
39,tuesday,09:00,19:00,,,False,False
39,wednesday,09:00,19:00,,,False,False
39,thursday,09:00,19:00,,,False,False
39,friday,09:00,19:00,,,False,False
39,saturday,09:00,15:00,,,False,False
39,sunday,09:00,15:00,,,False,False
40,monday,09:00,00:00,,,False,False
40,tuesday,09:00,00:00,,,False,False
40,wednesday,09:00,00:00,,,False,False
40,thursday,09:00,00:00,,,False,False
40,friday,09:00,01:00,,,False,False
40,saturday,09:00,01:00,,,False,False
40,sunday,09:00,00:00,,,False,False
41,monday,08:00,01:00,,,False,False
41,tuesday,08:00,01:00,,,False,False
41,wednesday,08:00,01:00,,,False,False
41,thursday,08:00,01:00,,,False,False
41,friday,08:00,01:00,,,False,False
41,saturday,09:00,01:00,,,False,False
41,sunday,09:00,01:00,,,False,False
42,monday,,,,,False,True
42,tuesday,,,,,False,True
42,wednesday,,,,,False,True
42,thursday,,,,,False,True
42,friday,,,,,False,True
42,saturday,,,,,False,True
42,sunday,,,,,False,True
43,monday,,,,,False,True
43,tuesday,08:00,16:00,,,False,False
43,wednesday,08:00,16:00,,,False,False
43,thursday,08:00,16:00,,,False,False
43,friday,08:00,16:00,,,False,False
43,saturday,09:00,15:00,,,False,False
43,sunday,09:00,13:00,,,False,False
44,monday,,,,,False,True
44,tuesday,10:00,18:00,,,False,False
44,wednesday,10:00,18:00,,,False,False
44,thursday,10:00,18:00,,,False,False
44,friday,10:00,18:00,,,False,False
44,saturday,10:00,18:00,,,False,False
44,sunday,10:00,18:00,,,False,False
45,monday,,,,,False,True
45,tuesday,,,,,False,True
45,wednesday,,,,,False,True
45,thursday,,,,,False,True
45,friday,,,,,False,True
45,saturday,,,,,False,True
45,sunday,,,,,False,True
46,monday,,,,,False,True
46,tuesday,,,,,False,True
46,wednesday,,,,,False,True
46,thursday,,,,,False,True
46,friday,,,,,False,True
46,saturday,,,,,False,True
46,sunday,,,,,False,True
47,monday,,,,,False,True
47,tuesday,,,,,False,True
47,wednesday,,,,,False,True
47,thursday,,,,,False,True
47,friday,,,,,False,True
47,saturday,,,,,False,True
47,sunday,,,,,False,True
48,monday,,,,,False,True
48,tuesday,,,,,False,True
48,wednesday,,,,,False,True
48,thursday,,,,,False,True
48,friday,,,,,False,True
48,saturday,,,,,False,True
48,sunday,,,,,False,True
49,monday,,,,,False,True
49,tuesday,,,,,False,True
49,wednesday,,,,,False,True
49,thursday,,,,,False,True
49,friday,,,,,False,True
49,saturday,,,,,False,True
49,sunday,,,,,False,True
50,monday,,,,,False,True
50,tuesday,,,,,False,True
50,wednesday,,,,,False,True
50,thursday,,,,,False,True
50,friday,,,,,False,True
50,saturday,,,,,False,True
50,sunday,,,,,False,True
51,monday,08:00,00:00,,,False,False
51,tuesday,08:00,00:00,,,False,False
51,wednesday,08:00,00:00,,,False,False
51,thursday,08:00,00:00,,,False,False
51,friday,08:00,01:00,,,False,False
51,saturday,08:00,01:00,,,False,False
51,sunday,08:00,00:00,,,False,False
52,monday,08:00,00:00,,,False,False
52,tuesday,08:00,00:00,,,False,False
52,wednesday,08:00,00:00,,,False,False
52,thursday,08:00,00:00,,,False,False
52,friday,08:00,00:00,,,False,False
52,saturday,08:00,00:00,,,False,False
52,sunday,09:00,23:00,,,False,False
53,monday,08:00,23:00,,,False,False
53,tuesday,08:00,23:00,,,False,False
53,wednesday,08:00,23:00,,,False,False
53,thursday,08:00,23:00,,,False,False
53,friday,08:00,00:00,,,False,False
53,saturday,,,,,False,True
53,sunday,,,,,False,True
54,monday,08:00,00:00,,,False,False
54,tuesday,08:00,00:00,,,False,False
54,wednesday,08:00,00:00,,,False,False
54,thursday,08:00,00:00,,,False,False
54,friday,08:00,01:00,,,False,False
54,saturday,08:00,01:00,,,False,False
54,sunday,09:00,00:00,,,False,False
55,monday,,,,,False,True
55,tuesday,09:00,00:00,,,False,False
55,wednesday,09:00,00:00,,,False,False
55,thursday,09:00,00:00,,,False,False
55,friday,09:00,00:00,,,False,False
55,saturday,09:00,00:00,,,False,False
55,sunday,,,,,False,True
56,monday,08:30,00:00,,,False,False
56,tuesday,08:30,00:00,,,False,False
56,wednesday,08:30,00:00,,,False,False
56,thursday,08:30,00:00,,,False,False
56,friday,08:30,01:00,,,False,False
56,saturday,08:30,01:00,,,False,False
56,sunday,08:30,00:00,,,False,False
57,monday,08:00,00:00,,,False,False
57,tuesday,08:00,00:00,,,False,False
57,wednesday,08:00,00:00,,,False,False
57,thursday,08:00,00:00,,,False,False
57,friday,08:00,01:00,,,False,False
57,saturday,08:00,01:00,,,False,False
57,sunday,10:00,00:00,,,False,False
58,monday,08:00,00:00,,,False,False
58,tuesday,08:00,00:00,,,False,False
58,wednesday,08:00,00:00,,,False,False
58,thursday,08:00,00:00,,,False,False
58,friday,08:00,01:00,,,False,False
58,saturday,08:00,01:00,,,False,False
58,sunday,08:00,00:00,,,False,False
59,monday,,,,,False,True
59,tuesday,,,,,False,True
59,wednesday,,,,,False,True
59,thursday,,,,,False,True
59,friday,,,,,False,True
59,saturday,10:00,21:30,,,False,False
59,sunday,10:00,21:30,,,False,False
60,monday,08:00,23:30,,,False,False
60,tuesday,08:00,23:30,,,False,False
60,wednesday,08:00,23:30,,,False,False
60,thursday,08:00,23:30,,,False,False
60,friday,08:00,23:30,,,False,False
60,saturday,09:00,23:30,,,False,False
60,sunday,09:00,23:30,,,False,False
61,monday,10:00,23:00,,,False,False
61,tuesday,10:00,23:00,,,False,False
61,wednesday,10:00,23:00,,,False,False
61,thursday,10:00,23:00,,,False,False
61,friday,10:00,23:00,,,False,False
61,saturday,10:00,23:00,,,False,False
61,sunday,10:00,23:00,,,False,False
62,monday,09:30,19:00,,,False,False
62,tuesday,09:30,22:30,,,False,False
62,wednesday,00:00,23:59,,,True,False
62,thursday,09:30,22:30,,,False,False
62,friday,09:30,22:30,,,False,False
62,saturday,10:00,22:30,,,False,False
62,sunday,10:00,18:00,,,False,False
63,monday,,,,,False,True
63,tuesday,,,,,False,True
63,wednesday,,,,,False,True
63,thursday,,,,,False,True
63,friday,,,,,False,True
63,saturday,,,,,False,True
63,sunday,,,,,False,True
64,monday,08:00,01:00,,,False,False
64,tuesday,08:00,01:00,,,False,False
64,wednesday,08:00,01:00,,,False,False
64,thursday,08:00,01:00,,,False,False
64,friday,08:00,01:00,,,False,False
64,saturday,08:00,01:00,,,False,False
64,sunday,08:00,01:00,,,False,False
65,monday,08:00,00:00,,,False,False
65,tuesday,08:00,00:00,,,False,False
65,wednesday,08:00,00:00,,,False,False
65,thursday,08:00,00:00,,,False,False
65,friday,08:00,00:00,,,False,False
65,saturday,08:00,00:00,,,False,False
65,sunday,08:00,23:00,,,False,False
66,monday,08:00,00:00,,,False,False
66,tuesday,08:00,00:00,,,False,False
66,wednesday,08:00,00:00,,,False,False
66,thursday,08:00,00:00,,,False,False
66,friday,08:00,00:00,,,False,False
66,saturday,08:00,00:00,,,False,False
66,sunday,08:00,00:00,,,False,False
67,monday,08:00,00:00,,,False,False
67,tuesday,08:00,00:00,,,False,False
67,wednesday,08:00,00:00,,,False,False
67,thursday,08:00,00:00,,,False,False
67,friday,08:00,00:00,,,False,False
67,saturday,08:00,00:00,,,False,False
67,sunday,08:00,00:00,,,False,False
68,monday,09:00,00:00,,,False,False
68,tuesday,09:00,00:00,,,False,False
68,wednesday,09:00,00:00,,,False,False
68,thursday,09:00,00:00,,,False,False
68,friday,09:00,01:00,,,False,False
68,saturday,09:00,01:00,,,False,False
68,sunday,,,,,False,True
69,monday,09:00,00:00,,,False,False
69,tuesday,09:00,00:00,,,False,False
69,wednesday,09:00,00:00,,,False,False
69,thursday,09:00,00:00,,,False,False
69,friday,09:00,01:00,,,False,False
69,saturday,09:00,00:00,,,False,False
69,sunday,09:00,00:00,,,False,False
70,monday,00:00,23:59,,,True,False
70,tuesday,00:00,23:59,,,True,False
70,wednesday,00:00,23:59,,,True,False
70,thursday,00:00,23:59,,,True,False
70,friday,00:00,23:59,,,True,False
70,saturday,00:00,23:59,,,True,False
70,sunday,00:00,23:59,,,True,False
71,monday,00:00,23:59,,,True,False
71,tuesday,00:00,23:59,,,True,False
71,wednesday,00:00,23:59,,,True,False
71,thursday,00:00,23:59,,,True,False
71,friday,00:00,23:59,,,True,False
71,saturday,00:00,23:59,,,True,False
71,sunday,00:00,23:59,,,True,False
72,monday,06:00,20:00,,,False,False
72,tuesday,06:00,20:00,,,False,False
72,wednesday,06:00,20:00,,,False,False
72,thursday,06:00,20:00,,,False,False
72,friday,06:00,20:00,,,False,False
72,saturday,06:00,17:00,,,False,False
72,sunday,06:00,00:00,,,False,False
73,monday,00:00,23:59,,,True,False
73,tuesday,00:00,23:59,,,True,False
73,wednesday,00:00,23:59,,,True,False
73,thursday,00:00,23:59,,,True,False
73,friday,00:00,23:59,,,True,False
73,saturday,00:00,23:59,,,True,False
73,sunday,00:00,23:59,,,True,False
74,monday,00:00,23:59,,,True,False
74,tuesday,00:00,23:59,,,True,False
74,wednesday,00:00,23:59,,,True,False
74,thursday,00:00,23:59,,,True,False
74,friday,00:00,23:59,,,True,False
74,saturday,00:00,23:59,,,True,False
74,sunday,00:00,23:59,,,True,False
75,monday,00:00,23:59,,,True,False
75,tuesday,00:00,23:59,,,True,False
75,wednesday,00:00,23:59,,,True,False
75,thursday,00:00,23:59,,,True,False
75,friday,00:00,23:59,,,True,False
75,saturday,00:00,23:59,,,True,False
75,sunday,00:00,23:59,,,True,False
76,monday,08:30,23:00,,,False,False
76,tuesday,08:30,23:00,,,False,False
76,wednesday,08:30,23:00,,,False,False
76,thursday,08:30,23:00,,,False,False
76,friday,08:30,23:00,,,False,False
76,saturday,08:30,23:00,,,False,False
76,sunday,08:30,23:00,,,False,False
77,monday,08:00,00:00,,,False,False
77,tuesday,08:00,00:00,,,False,False
77,wednesday,08:00,00:00,,,False,False
77,thursday,08:00,00:00,,,False,False
77,friday,08:00,01:00,,,False,False
77,saturday,08:00,01:00,,,False,False
77,sunday,10:00,00:00,,,False,False
78,monday,00:00,23:59,,,True,False
78,tuesday,00:00,23:59,,,True,False
78,wednesday,00:00,23:59,,,True,False
78,thursday,00:00,23:59,,,True,False
78,friday,00:00,23:59,,,True,False
78,saturday,00:00,23:59,,,True,False
78,sunday,00:00,23:59,,,True,False
79,monday,07:00,23:00,,,False,False
79,tuesday,07:00,23:00,,,False,False
79,wednesday,07:00,23:00,,,False,False
79,thursday,07:00,23:00,,,False,False
79,friday,07:00,23:00,,,False,False
79,saturday,07:00,23:00,,,False,False
79,sunday,07:00,23:00,,,False,False
80,monday,08:00,23:00,,,False,False
80,tuesday,08:00,23:00,,,False,False
80,wednesday,08:00,23:00,,,False,False
80,thursday,08:00,23:00,,,False,False
80,friday,08:00,23:00,,,False,False
80,saturday,08:00,23:00,,,False,False
80,sunday,08:00,23:00,,,False,False
81,monday,,,,,False,True
81,tuesday,,,,,False,True
81,wednesday,,,,,False,True
81,thursday,,,,,False,True
81,friday,,,,,False,True
81,saturday,,,,,False,True
81,sunday,,,,,False,True
82,monday,10:00,00:00,,,False,False
82,tuesday,10:00,00:00,,,False,False
82,wednesday,10:00,00:00,,,False,False
82,thursday,10:00,00:00,,,False,False
82,friday,10:00,01:00,,,False,False
82,saturday,10:00,01:00,,,False,False
82,sunday,10:00,00:00,,,False,False
83,monday,08:00,00:00,,,False,False
83,tuesday,08:00,00:00,,,False,False
83,wednesday,08:00,00:00,,,False,False
83,thursday,08:00,00:00,,,False,False
83,friday,08:00,00:00,,,False,False
83,saturday,08:00,00:00,,,False,False
83,sunday,08:00,00:00,,,False,False
84,monday,09:00,13:30,,,False,False
84,tuesday,09:00,13:30,,,False,False
84,wednesday,09:00,13:30,,,False,False
84,thursday,09:00,13:30,,,False,False
84,friday,09:00,13:30,,,False,False
84,saturday,09:00,13:30,,,False,False
84,sunday,,,,,False,True
85,monday,08:00,23:59,,,False,False
85,tuesday,08:00,23:59,,,False,False
85,wednesday,08:00,23:59,,,False,False
85,thursday,08:00,23:59,,,False,False
85,friday,08:00,01:00,,,False,False
85,saturday,08:00,01:00,,,False,False
85,sunday,11:00,23:59,,,False,False
86,monday,08:00,00:00,,,False,False
86,tuesday,08:00,00:00,,,False,False
86,wednesday,08:00,00:00,,,False,False
86,thursday,08:00,00:00,,,False,False
86,friday,08:00,00:00,,,False,False
86,saturday,08:00,00:00,,,False,False
86,sunday,,,,,False,True
87,monday,07:30,18:00,,,False,False
87,tuesday,07:30,18:00,,,False,False
87,wednesday,07:30,18:00,,,False,False
87,thursday,07:30,18:00,,,False,False
87,friday,07:30,18:00,,,False,False
87,saturday,08:00,16:00,,,False,False
87,sunday,,,,,False,True
88,monday,07:00,02:00,,,False,False
88,tuesday,07:00,02:00,,,False,False
88,wednesday,07:00,02:00,,,False,False
88,thursday,07:00,02:00,,,False,False
88,friday,07:00,02:00,,,False,False
88,saturday,07:00,02:00,,,False,False
88,sunday,07:00,23:55,,,False,False
89,monday,08:00,23:30,,,False,False
89,tuesday,08:00,23:30,,,False,False
89,wednesday,08:00,23:30,,,False,False
89,thursday,08:00,23:30,,,False,False
89,friday,08:00,01:00,,,False,False
89,saturday,10:00,01:00,,,False,False
89,sunday,,,,,False,True
90,monday,08:00,00:00,,,False,False
90,tuesday,08:00,00:00,,,False,False
90,wednesday,08:00,00:00,,,False,False
90,thursday,08:00,00:00,,,False,False
90,friday,08:00,00:00,,,False,False
90,saturday,09:00,01:00,,,False,False
90,sunday,,,,,False,True
91,monday,08:00,00:00,,,False,False
91,tuesday,08:00,00:00,,,False,False
91,wednesday,08:00,00:00,,,False,False
91,thursday,08:00,00:00,,,False,False
91,friday,08:00,01:00,,,False,False
91,saturday,08:00,01:00,,,False,False
91,sunday,08:00,00:00,,,False,False
92,monday,08:00,00:00,,,False,False
92,tuesday,08:00,00:00,,,False,False
92,wednesday,08:00,00:00,,,False,False
92,thursday,08:00,01:00,,,False,False
92,friday,08:00,01:00,,,False,False
92,saturday,09:00,01:00,,,False,False
92,sunday,09:00,00:00,,,False,False
93,monday,08:00,00:00,,,False,False
93,tuesday,08:00,00:00,,,False,False
93,wednesday,08:00,00:00,,,False,False
93,thursday,08:00,00:00,,,False,False
93,friday,08:00,00:00,,,False,False
93,saturday,10:00,00:00,,,False,False
93,sunday,,,,,False,True
94,monday,08:00,00:00,,,False,False
94,tuesday,08:00,00:00,,,False,False
94,wednesday,08:00,00:00,,,False,False
94,thursday,08:00,00:00,,,False,False
94,friday,08:00,01:00,,,False,False
94,saturday,08:00,01:00,,,False,False
94,sunday,08:00,00:00,,,False,False
95,monday,08:00,00:00,,,False,False
95,tuesday,08:00,00:00,,,False,False
95,wednesday,08:00,00:00,,,False,False
95,thursday,08:00,00:00,,,False,False
95,friday,08:00,01:00,,,False,False
95,saturday,08:00,01:00,,,False,False
95,sunday,08:00,01:00,,,False,False
96,monday,08:00,23:55,,,False,False
96,tuesday,08:00,23:55,,,False,False
96,wednesday,08:00,23:55,,,False,False
96,thursday,08:00,23:55,,,False,False
96,friday,08:00,01:00,,,False,False
96,saturday,08:00,01:00,,,False,False
96,sunday,08:00,23:55,,,False,False
97,monday,08:00,00:00,,,False,False
97,tuesday,08:00,00:00,,,False,False
97,wednesday,08:00,00:00,,,False,False
97,thursday,08:00,00:00,,,False,False
97,friday,08:00,01:00,,,False,False
97,saturday,12:00,01:00,,,False,False
97,sunday,12:00,00:00,,,False,False
98,monday,09:00,21:30,,,False,False
98,tuesday,09:00,21:30,,,False,False
98,wednesday,09:00,21:30,,,False,False
98,thursday,09:00,21:30,,,False,False
98,friday,09:00,21:30,,,False,False
98,saturday,09:00,21:30,,,False,False
98,sunday,09:00,21:30,,,False,False
99,monday,09:00,00:00,,,False,False
99,tuesday,09:00,00:00,,,False,False
99,wednesday,09:00,00:00,,,False,False
99,thursday,09:00,00:00,,,False,False
99,friday,09:00,00:00,,,False,False
99,saturday,10:00,00:00,,,False,False
99,sunday,10:00,00:00,,,False,False
100,monday,00:00,23:59,,,True,False
100,tuesday,00:00,23:59,,,True,False
100,wednesday,00:00,23:59,,,True,False
100,thursday,00:00,23:59,,,True,False
100,friday,00:00,23:59,,,True,False
100,saturday,00:00,23:59,,,True,False
100,sunday,22:00,00:00,,,False,False
101,monday,10:00,23:55,,,False,False
101,tuesday,10:00,23:55,,,False,False
101,wednesday,10:00,23:55,,,False,False
101,thursday,10:00,23:55,,,False,False
101,friday,10:00,23:55,,,False,False
101,saturday,10:00,23:55,,,False,False
101,sunday,10:00,23:55,,,False,False
102,monday,09:00,00:00,,,False,False
102,tuesday,09:00,00:00,,,False,False
102,wednesday,09:00,00:00,,,False,False
102,thursday,09:00,00:00,,,False,False
102,friday,09:00,00:00,,,False,False
102,saturday,12:00,01:00,,,False,False
102,sunday,,,,,False,True
103,monday,08:00,20:00,,,False,False
103,tuesday,08:00,00:00,,,False,False
103,wednesday,08:00,00:00,,,False,False
103,thursday,08:00,00:00,,,False,False
103,friday,08:00,00:00,,,False,False
103,saturday,08:00,00:00,,,False,False
103,sunday,08:00,20:00,,,False,False
104,monday,09:00,00:00,,,False,False
104,tuesday,09:00,00:00,,,False,False
104,wednesday,09:00,00:00,,,False,False
104,thursday,09:00,00:00,,,False,False
104,friday,09:00,01:00,,,False,False
104,saturday,09:00,01:00,,,False,False
104,sunday,09:00,18:00,,,False,False
105,monday,09:00,00:00,,,False,False
105,tuesday,09:00,00:00,,,False,False
105,wednesday,09:00,00:00,,,False,False
105,thursday,09:00,00:00,,,False,False
105,friday,09:00,00:00,,,False,False
105,saturday,09:00,00:00,,,False,False
105,sunday,09:00,00:00,,,False,False
106,monday,08:00,00:00,,,False,False
106,tuesday,08:00,00:00,,,False,False
106,wednesday,08:00,00:00,,,False,False
106,thursday,08:00,00:00,,,False,False
106,friday,08:00,01:00,,,False,False
106,saturday,08:00,01:00,,,False,False
106,sunday,10:00,22:00,,,False,False
107,monday,08:00,00:00,,,False,False
107,tuesday,08:00,00:00,,,False,False
107,wednesday,08:00,00:00,,,False,False
107,thursday,08:00,00:00,,,False,False
107,friday,08:00,00:00,,,False,False
107,saturday,08:00,00:00,,,False,False
107,sunday,08:00,00:00,,,False,False
108,monday,09:00,23:30,,,False,False
108,tuesday,09:00,23:30,,,False,False
108,wednesday,09:00,23:30,,,False,False
108,thursday,09:00,23:30,,,False,False
108,friday,09:00,00:30,,,False,False
108,saturday,09:00,00:30,,,False,False
108,sunday,09:00,23:30,,,False,False
109,monday,10:00,23:00,,,False,False
109,tuesday,10:00,23:00,,,False,False
109,wednesday,10:00,23:00,,,False,False
109,thursday,10:00,23:00,,,False,False
109,friday,10:00,23:00,,,False,False
109,saturday,10:00,23:00,,,False,False
109,sunday,10:00,23:00,,,False,False
110,monday,08:00,00:00,,,False,False
110,tuesday,08:00,00:00,,,False,False
110,wednesday,08:00,00:00,,,False,False
110,thursday,08:00,00:00,,,False,False
110,friday,08:00,00:00,,,False,False
110,saturday,08:00,01:00,,,False,False
110,sunday,08:00,22:00,,,False,False
111,monday,08:00,23:45,,,False,False
111,tuesday,08:00,23:45,,,False,False
111,wednesday,08:00,23:45,,,False,False
111,thursday,08:00,23:45,,,False,False
111,friday,08:00,23:45,,,False,False
111,saturday,08:00,23:45,,,False,False
111,sunday,,,,,False,True
112,monday,09:00,23:30,,,False,False
112,tuesday,09:00,23:30,,,False,False
112,wednesday,09:00,23:30,,,False,False
112,thursday,09:00,23:30,,,False,False
112,friday,09:00,00:00,,,False,False
112,saturday,,,,,False,True
112,sunday,,,,,False,True
113,monday,08:00,00:00,,,False,False
113,tuesday,08:00,00:00,,,False,False
113,wednesday,08:00,00:00,,,False,False
113,thursday,08:00,00:00,,,False,False
113,friday,08:00,01:00,,,False,False
113,saturday,08:00,01:00,,,False,False
113,sunday,10:00,00:00,,,False,False
114,monday,08:00,00:00,,,False,False
114,tuesday,08:00,00:00,,,False,False
114,wednesday,08:00,00:00,,,False,False
114,thursday,08:00,00:00,,,False,False
114,friday,08:00,01:00,,,False,False
114,saturday,08:00,01:00,,,False,False
114,sunday,09:00,00:00,,,False,False
115,monday,08:00,00:00,,,False,False
115,tuesday,08:00,00:00,,,False,False
115,wednesday,08:00,00:00,,,False,False
115,thursday,08:00,00:00,,,False,False
115,friday,08:00,00:00,,,False,False
115,saturday,08:00,00:00,,,False,False
115,sunday,08:00,00:00,,,False,False
116,monday,10:00,00:00,,,False,False
116,tuesday,10:00,00:00,,,False,False
116,wednesday,10:00,00:00,,,False,False
116,thursday,10:00,00:00,,,False,False
116,friday,10:00,01:00,,,False,False
116,saturday,10:00,01:00,,,False,False
116,sunday,10:00,00:00,,,False,False
117,monday,08:00,00:00,,,False,False
117,tuesday,08:00,00:00,,,False,False
117,wednesday,08:00,00:00,,,False,False
117,thursday,08:00,00:00,,,False,False
117,friday,08:00,01:00,,,False,False
117,saturday,08:00,01:00,,,False,False
117,sunday,08:00,00:00,,,False,False
118,monday,08:00,00:00,,,False,False
118,tuesday,08:00,00:00,,,False,False
118,wednesday,08:00,00:00,,,False,False
118,thursday,08:00,00:00,,,False,False
118,friday,08:00,00:00,,,False,False
118,saturday,08:00,00:00,,,False,False
118,sunday,08:00,00:00,,,False,False
119,monday,08:00,00:00,,,False,False
119,tuesday,08:00,00:00,,,False,False
119,wednesday,08:00,00:00,,,False,False
119,thursday,08:00,00:00,,,False,False
119,friday,08:00,01:00,,,False,False
119,saturday,08:00,01:00,,,False,False
119,sunday,09:00,00:00,,,False,False
120,monday,,,,,False,True
120,tuesday,,,,,False,True
120,wednesday,,,,,False,True
120,thursday,,,,,False,True
120,friday,,,,,False,True
120,saturday,,,,,False,True
120,sunday,,,,,False,True
121,monday,,,,,False,True
121,tuesday,,,,,False,True
121,wednesday,,,,,False,True
121,thursday,,,,,False,True
121,friday,,,,,False,True
121,saturday,,,,,False,True
121,sunday,,,,,False,True
122,monday,08:00,00:00,,,False,False
122,tuesday,08:00,00:00,,,False,False
122,wednesday,08:00,00:00,,,False,False
122,thursday,08:00,00:00,,,False,False
122,friday,08:00,01:00,,,False,False
122,saturday,08:00,01:00,,,False,False
122,sunday,08:00,00:00,,,False,False
123,monday,08:00,00:00,,,False,False
123,tuesday,08:00,00:00,,,False,False
123,wednesday,08:00,00:00,,,False,False
123,thursday,08:00,00:00,,,False,False
123,friday,08:00,00:00,,,False,False
123,saturday,08:00,01:00,,,False,False
123,sunday,08:00,00:00,,,False,False
124,monday,,,,,False,True
124,tuesday,,,,,False,True
124,wednesday,,,,,False,True
124,thursday,,,,,False,True
124,friday,,,,,False,True
124,saturday,,,,,False,True
124,sunday,,,,,False,True
125,monday,00:00,23:59,,,True,False
125,tuesday,00:00,23:59,,,True,False
125,wednesday,00:00,23:59,,,True,False
125,thursday,00:00,23:59,,,True,False
125,friday,00:00,23:59,,,True,False
125,saturday,00:00,23:59,,,True,False
125,sunday,00:00,23:59,,,True,False
126,monday,08:00,00:00,,,False,False
126,tuesday,08:00,00:00,,,False,False
126,wednesday,08:00,00:00,,,False,False
126,thursday,08:00,00:00,,,False,False
126,friday,08:00,00:00,,,False,False
126,saturday,08:00,00:00,,,False,False
126,sunday,08:00,00:00,,,False,False
127,monday,08:00,00:00,,,False,False
127,tuesday,08:00,00:00,,,False,False
127,wednesday,08:00,00:00,,,False,False
127,thursday,08:00,00:00,,,False,False
127,friday,08:00,02:00,,,False,False
127,saturday,08:00,02:00,,,False,False
127,sunday,10:00,00:00,,,False,False
128,monday,08:00,00:00,,,False,False
128,tuesday,08:00,00:00,,,False,False
128,wednesday,08:00,00:00,,,False,False
128,thursday,08:00,00:00,,,False,False
128,friday,08:00,01:00,,,False,False
128,saturday,08:00,01:00,,,False,False
128,sunday,08:00,00:00,,,False,False
129,monday,07:30,21:00,,,False,False
129,tuesday,07:30,21:00,,,False,False
129,wednesday,07:30,21:00,,,False,False
129,thursday,07:30,21:00,,,False,False
129,friday,07:30,21:00,,,False,False
129,saturday,08:00,16:00,,,False,False
129,sunday,,,,,False,True
130,monday,09:00,22:00,,,False,False
130,tuesday,09:00,22:00,,,False,False
130,wednesday,09:00,22:00,,,False,False
130,thursday,09:00,22:00,,,False,False
130,friday,09:00,22:00,,,False,False
130,saturday,09:00,22:00,,,False,False
130,sunday,09:00,22:00,,,False,False
131,monday,08:00,00:00,,,False,False
131,tuesday,08:00,00:00,,,False,False
131,wednesday,08:00,00:00,,,False,False
131,thursday,08:00,00:00,,,False,False
131,friday,08:00,00:00,,,False,False
131,saturday,08:00,00:00,,,False,False
131,sunday,,,,,False,True
132,monday,08:00,00:00,,,False,False
132,tuesday,08:00,00:00,,,False,False
132,wednesday,08:00,00:00,,,False,False
132,thursday,08:00,00:00,,,False,False
132,friday,08:00,01:00,,,False,False
132,saturday,08:00,01:00,,,False,False
132,sunday,,,,,False,True
133,monday,07:00,00:00,,,False,False
133,tuesday,07:00,00:00,,,False,False
133,wednesday,07:00,00:00,,,False,False
133,thursday,07:00,00:00,,,False,False
133,friday,07:00,01:00,,,False,False
133,saturday,08:00,01:00,,,False,False
133,sunday,10:00,00:00,,,False,False
134,monday,16:00,00:00,,,False,False
134,tuesday,16:00,00:00,,,False,False
134,wednesday,16:00,00:00,,,False,False
134,thursday,16:00,00:00,,,False,False
134,friday,16:00,00:00,,,False,False
134,saturday,16:00,00:00,,,False,False
134,sunday,,,,,False,True
135,monday,08:00,23:45,,,False,False
135,tuesday,08:00,23:45,,,False,False
135,wednesday,08:00,23:45,,,False,False
135,thursday,08:00,23:45,,,False,False
135,friday,08:00,00:45,,,False,False
135,saturday,08:00,00:45,,,False,False
135,sunday,09:00,23:45,,,False,False
136,monday,08:00,00:00,,,False,False
136,tuesday,08:00,00:00,,,False,False
136,wednesday,08:00,00:00,,,False,False
136,thursday,08:00,00:00,,,False,False
136,friday,08:00,00:00,,,False,False
136,saturday,08:00,00:00,,,False,False
136,sunday,08:00,00:00,,,False,False
137,monday,08:00,00:00,,,False,False
137,tuesday,08:00,00:00,,,False,False
137,wednesday,08:00,00:00,,,False,False
137,thursday,08:00,00:00,,,False,False
137,friday,08:00,00:00,,,False,False
137,saturday,08:00,00:00,,,False,False
137,sunday,12:00,00:00,,,False,False
138,monday,,,,,False,True
138,tuesday,,,,,False,True
138,wednesday,,,,,False,True
138,thursday,,,,,False,True
138,friday,,,,,False,True
138,saturday,10:00,22:00,,,False,False
138,sunday,,,,,False,True
139,monday,09:00,00:00,,,False,False
139,tuesday,09:00,00:00,,,False,False
139,wednesday,09:00,00:00,,,False,False
139,thursday,09:00,00:00,,,False,False
139,friday,09:00,01:00,,,False,False
139,saturday,09:00,01:00,,,False,False
139,sunday,,,,,False,True
140,monday,08:00,00:00,,,False,False
140,tuesday,08:00,00:00,,,False,False
140,wednesday,08:00,00:00,,,False,False
140,thursday,08:00,00:00,,,False,False
140,friday,08:00,00:00,,,False,False
140,saturday,08:00,00:00,,,False,False
140,sunday,08:00,00:00,,,False,False
141,monday,07:30,17:30,,,False,False
141,tuesday,07:30,17:30,,,False,False
141,wednesday,07:30,17:30,,,False,False
141,thursday,07:30,17:30,,,False,False
141,friday,07:30,17:30,,,False,False
141,saturday,08:00,14:00,,,False,False
141,sunday,,,,,False,True
142,monday,10:30,00:00,,,False,False
142,tuesday,10:30,00:00,,,False,False
142,wednesday,10:30,00:00,,,False,False
142,thursday,10:30,00:00,,,False,False
142,friday,10:30,00:00,,,False,False
142,saturday,10:30,00:00,,,False,False
142,sunday,,,,,False,True
143,monday,09:00,22:00,,,False,False
143,tuesday,09:00,22:00,,,False,False
143,wednesday,09:00,22:00,,,False,False
143,thursday,09:00,22:00,,,False,False
143,friday,09:00,22:00,,,False,False
143,saturday,09:00,22:00,,,False,False
143,sunday,09:00,22:00,,,False,False
144,monday,08:00,22:00,,,False,False
144,tuesday,08:00,22:00,,,False,False
144,wednesday,08:00,22:00,,,False,False
144,thursday,08:00,22:00,,,False,False
144,friday,08:00,22:00,,,False,False
144,saturday,08:00,22:00,,,False,False
144,sunday,,,,,False,True
145,monday,09:00,00:00,,,False,False
145,tuesday,09:00,00:00,,,False,False
145,wednesday,09:00,00:00,,,False,False
145,thursday,09:00,00:00,,,False,False
145,friday,09:00,01:00,,,False,False
145,saturday,09:00,01:00,,,False,False
145,sunday,09:00,00:00,,,False,False
146,monday,,,,,False,True
146,tuesday,08:00,00:00,,,False,False
146,wednesday,08:00,00:00,,,False,False
146,thursday,08:00,00:00,,,False,False
146,friday,08:00,01:00,,,False,False
146,saturday,08:00,01:00,,,False,False
146,sunday,08:00,22:00,,,False,False
147,monday,10:00,03:00,,,False,False
147,tuesday,10:00,03:00,,,False,False
147,wednesday,10:00,03:00,,,False,False
147,thursday,10:00,03:00,,,False,False
147,friday,10:00,03:00,,,False,False
147,saturday,10:00,03:00,,,False,False
147,sunday,,,,,False,True
148,monday,,,,,False,True
148,tuesday,,,,,False,True
148,wednesday,,,,,False,True
148,thursday,,,,,False,True
148,friday,,,,,False,True
148,saturday,,,,,False,True
148,sunday,,,,,False,True
149,monday,08:00,00:00,,,False,False
149,tuesday,08:00,00:00,,,False,False
149,wednesday,08:00,00:00,,,False,False
149,thursday,08:00,00:00,,,False,False
149,friday,08:00,01:00,,,False,False
149,saturday,08:00,01:00,,,False,False
149,sunday,09:00,00:00,,,False,False
150,monday,,,,,False,True
150,tuesday,,,,,False,True
150,wednesday,,,,,False,True
150,thursday,,,,,False,True
150,friday,,,,,False,True
150,saturday,,,,,False,True
150,sunday,,,,,False,True
151,monday,09:00,23:30,,,False,False
151,tuesday,09:00,23:30,,,False,False
151,wednesday,09:00,23:30,,,False,False
151,thursday,09:00,23:30,,,False,False
151,friday,09:00,23:30,,,False,False
151,saturday,11:00,23:30,,,False,False
151,sunday,,,,,False,True
152,monday,08:00,23:00,,,False,False
152,tuesday,08:00,23:00,,,False,False
152,wednesday,08:00,23:00,,,False,False
152,thursday,08:00,23:00,,,False,False
152,friday,08:00,23:00,,,False,False
152,saturday,08:00,23:00,,,False,False
152,sunday,,,,,False,True
153,monday,08:00,21:00,,,False,False
153,tuesday,08:00,21:00,,,False,False
153,wednesday,08:00,21:00,,,False,False
153,thursday,08:00,21:00,,,False,False
153,friday,08:00,21:00,,,False,False
153,saturday,08:00,19:30,,,False,False
153,sunday,,,,,False,True
154,monday,08:00,20:00,12:00,14:00,False,False
154,tuesday,08:00,20:00,,,False,False
154,wednesday,08:00,20:00,,,False,False
154,thursday,08:00,20:00,,,False,False
154,friday,08:00,20:00,,,False,False
154,saturday,08:00,20:00,,,False,False
154,sunday,,,,,False,True
155,monday,08:00,20:00,12:00,14:00,False,False
155,tuesday,08:00,20:00,,,False,False
155,wednesday,08:00,20:00,,,False,False
155,thursday,08:00,20:00,,,False,False
155,friday,08:00,20:00,,,False,False
155,saturday,08:00,20:00,,,False,False
155,sunday,,,,,False,True
